img, img1, img2, ann
/tracknetv1/dataset/tennis/data/Clip80/0113.jpg,/tracknetv1/dataset/tennis/data/Clip80/0112.jpg,/tracknetv1/dataset/tennis/data/Clip80/0111.jpg,/tracknetv1/dataset/tennis/groundtruth/Clip80/0113.png
/tracknetv1/dataset/tennis/data/Clip80/0072.jpg,/tracknetv1/dataset/tennis/data/Clip80/0071.jpg,/tracknetv1/dataset/tennis/data/Clip80/0070.jpg,/tracknetv1/dataset/tennis/groundtruth/Clip80/0072.png
/tracknetv1/dataset/tennis/data/Clip80/0027.jpg,/tracknetv1/dataset/tennis/data/Clip80/0026.jpg,/tracknetv1/dataset/tennis/data/Clip80/0025.jpg,/tracknetv1/dataset/tennis/groundtruth/Clip80/0027.png
/tracknetv1/dataset/tennis/data/Clip80/0053.jpg,/tracknetv1/dataset/tennis/data/Clip80/0052.jpg,/tracknetv1/dataset/tennis/data/Clip80/0051.jpg,/tracknetv1/dataset/tennis/groundtruth/Clip80/0053.png
/tracknetv1/dataset/tennis/data/Clip80/0085.jpg,/tracknetv1/dataset/tennis/data/Clip80/0084.jpg,/tracknetv1/dataset/tennis/data/Clip80/0083.jpg,/tracknetv1/dataset/tennis/groundtruth/Clip80/0085.png
/tracknetv1/dataset/tennis/data/Clip80/0096.jpg,/tracknetv1/dataset/tennis/data/Clip80/0095.jpg,/tracknetv1/dataset/tennis/data/Clip80/0094.jpg,/tracknetv1/dataset/tennis/groundtruth/Clip80/0096.png
/tracknetv1/dataset/tennis/data/Clip80/0071.jpg,/tracknetv1/dataset/tennis/data/Clip80/0070.jpg,/tracknetv1/dataset/tennis/data/Clip80/0069.jpg,/tracknetv1/dataset/tennis/groundtruth/Clip80/0071.png
/tracknetv1/dataset/tennis/data/Clip80/0109.jpg,/tracknetv1/dataset/tennis/data/Clip80/0108.jpg,/tracknetv1/dataset/tennis/data/Clip80/0107.jpg,/tracknetv1/dataset/tennis/groundtruth/Clip80/0109.png
/tracknetv1/dataset/tennis/data/Clip80/0060.jpg,/tracknetv1/dataset/tennis/data/Clip80/0059.jpg,/tracknetv1/dataset/tennis/data/Clip80/0058.jpg,/tracknetv1/dataset/tennis/groundtruth/Clip80/0060.png
/tracknetv1/dataset/tennis/data/Clip80/0046.jpg,/tracknetv1/dataset/tennis/data/Clip80/0045.jpg,/tracknetv1/dataset/tennis/data/Clip80/0044.jpg,/tracknetv1/dataset/tennis/groundtruth/Clip80/0046.png
/tracknetv1/dataset/tennis/data/Clip80/0041.jpg,/tracknetv1/dataset/tennis/data/Clip80/0040.jpg,/tracknetv1/dataset/tennis/data/Clip80/0039.jpg,/tracknetv1/dataset/tennis/groundtruth/Clip80/0041.png
/tracknetv1/dataset/tennis/data/Clip80/0147.jpg,/tracknetv1/dataset/tennis/data/Clip80/0146.jpg,/tracknetv1/dataset/tennis/data/Clip80/0145.jpg,/tracknetv1/dataset/tennis/groundtruth/Clip80/0147.png
/tracknetv1/dataset/tennis/data/Clip80/0115.jpg,/tracknetv1/dataset/tennis/data/Clip80/0114.jpg,/tracknetv1/dataset/tennis/data/Clip80/0113.jpg,/tracknetv1/dataset/tennis/groundtruth/Clip80/0115.png
/tracknetv1/dataset/tennis/data/Clip80/0156.jpg,/tracknetv1/dataset/tennis/data/Clip80/0155.jpg,/tracknetv1/dataset/tennis/data/Clip80/0154.jpg,/tracknetv1/dataset/tennis/groundtruth/Clip80/0156.png
/tracknetv1/dataset/tennis/data/Clip80/0105.jpg,/tracknetv1/dataset/tennis/data/Clip80/0104.jpg,/tracknetv1/dataset/tennis/data/Clip80/0103.jpg,/tracknetv1/dataset/tennis/groundtruth/Clip80/0105.png
/tracknetv1/dataset/tennis/data/Clip80/0044.jpg,/tracknetv1/dataset/tennis/data/Clip80/0043.jpg,/tracknetv1/dataset/tennis/data/Clip80/0042.jpg,/tracknetv1/dataset/tennis/groundtruth/Clip80/0044.png
/tracknetv1/dataset/tennis/data/Clip80/0015.jpg,/tracknetv1/dataset/tennis/data/Clip80/0014.jpg,/tracknetv1/dataset/tennis/data/Clip80/0013.jpg,/tracknetv1/dataset/tennis/groundtruth/Clip80/0015.png
/tracknetv1/dataset/tennis/data/Clip80/0099.jpg,/tracknetv1/dataset/tennis/data/Clip80/0098.jpg,/tracknetv1/dataset/tennis/data/Clip80/0097.jpg,/tracknetv1/dataset/tennis/groundtruth/Clip80/0099.png
/tracknetv1/dataset/tennis/data/Clip80/0026.jpg,/tracknetv1/dataset/tennis/data/Clip80/0025.jpg,/tracknetv1/dataset/tennis/data/Clip80/0024.jpg,/tracknetv1/dataset/tennis/groundtruth/Clip80/0026.png
/tracknetv1/dataset/tennis/data/Clip80/0119.jpg,/tracknetv1/dataset/tennis/data/Clip80/0118.jpg,/tracknetv1/dataset/tennis/data/Clip80/0117.jpg,/tracknetv1/dataset/tennis/groundtruth/Clip80/0119.png
/tracknetv1/dataset/tennis/data/Clip80/0152.jpg,/tracknetv1/dataset/tennis/data/Clip80/0151.jpg,/tracknetv1/dataset/tennis/data/Clip80/0150.jpg,/tracknetv1/dataset/tennis/groundtruth/Clip80/0152.png
/tracknetv1/dataset/tennis/data/Clip80/0002.jpg,/tracknetv1/dataset/tennis/data/Clip80/0001.jpg,/tracknetv1/dataset/tennis/data/Clip80/0000.jpg,/tracknetv1/dataset/tennis/groundtruth/Clip80/0002.png
/tracknetv1/dataset/tennis/data/Clip80/0056.jpg,/tracknetv1/dataset/tennis/data/Clip80/0055.jpg,/tracknetv1/dataset/tennis/data/Clip80/0054.jpg,/tracknetv1/dataset/tennis/groundtruth/Clip80/0056.png
/tracknetv1/dataset/tennis/data/Clip80/0150.jpg,/tracknetv1/dataset/tennis/data/Clip80/0149.jpg,/tracknetv1/dataset/tennis/data/Clip80/0148.jpg,/tracknetv1/dataset/tennis/groundtruth/Clip80/0150.png
/tracknetv1/dataset/tennis/data/Clip80/0049.jpg,/tracknetv1/dataset/tennis/data/Clip80/0048.jpg,/tracknetv1/dataset/tennis/data/Clip80/0047.jpg,/tracknetv1/dataset/tennis/groundtruth/Clip80/0049.png
/tracknetv1/dataset/tennis/data/Clip80/0122.jpg,/tracknetv1/dataset/tennis/data/Clip80/0121.jpg,/tracknetv1/dataset/tennis/data/Clip80/0120.jpg,/tracknetv1/dataset/tennis/groundtruth/Clip80/0122.png
/tracknetv1/dataset/tennis/data/Clip80/0089.jpg,/tracknetv1/dataset/tennis/data/Clip80/0088.jpg,/tracknetv1/dataset/tennis/data/Clip80/0087.jpg,/tracknetv1/dataset/tennis/groundtruth/Clip80/0089.png
/tracknetv1/dataset/tennis/data/Clip80/0103.jpg,/tracknetv1/dataset/tennis/data/Clip80/0102.jpg,/tracknetv1/dataset/tennis/data/Clip80/0101.jpg,/tracknetv1/dataset/tennis/groundtruth/Clip80/0103.png
/tracknetv1/dataset/tennis/data/Clip80/0123.jpg,/tracknetv1/dataset/tennis/data/Clip80/0122.jpg,/tracknetv1/dataset/tennis/data/Clip80/0121.jpg,/tracknetv1/dataset/tennis/groundtruth/Clip80/0123.png
/tracknetv1/dataset/tennis/data/Clip80/0107.jpg,/tracknetv1/dataset/tennis/data/Clip80/0106.jpg,/tracknetv1/dataset/tennis/data/Clip80/0105.jpg,/tracknetv1/dataset/tennis/groundtruth/Clip80/0107.png
/tracknetv1/dataset/tennis/data/Clip80/0057.jpg,/tracknetv1/dataset/tennis/data/Clip80/0056.jpg,/tracknetv1/dataset/tennis/data/Clip80/0055.jpg,/tracknetv1/dataset/tennis/groundtruth/Clip80/0057.png
/tracknetv1/dataset/tennis/data/Clip80/0029.jpg,/tracknetv1/dataset/tennis/data/Clip80/0028.jpg,/tracknetv1/dataset/tennis/data/Clip80/0027.jpg,/tracknetv1/dataset/tennis/groundtruth/Clip80/0029.png
/tracknetv1/dataset/tennis/data/Clip80/0011.jpg,/tracknetv1/dataset/tennis/data/Clip80/0010.jpg,/tracknetv1/dataset/tennis/data/Clip80/0009.jpg,/tracknetv1/dataset/tennis/groundtruth/Clip80/0011.png
/tracknetv1/dataset/tennis/data/Clip80/0139.jpg,/tracknetv1/dataset/tennis/data/Clip80/0138.jpg,/tracknetv1/dataset/tennis/data/Clip80/0137.jpg,/tracknetv1/dataset/tennis/groundtruth/Clip80/0139.png
/tracknetv1/dataset/tennis/data/Clip80/0116.jpg,/tracknetv1/dataset/tennis/data/Clip80/0115.jpg,/tracknetv1/dataset/tennis/data/Clip80/0114.jpg,/tracknetv1/dataset/tennis/groundtruth/Clip80/0116.png
/tracknetv1/dataset/tennis/data/Clip80/0055.jpg,/tracknetv1/dataset/tennis/data/Clip80/0054.jpg,/tracknetv1/dataset/tennis/data/Clip80/0053.jpg,/tracknetv1/dataset/tennis/groundtruth/Clip80/0055.png
/tracknetv1/dataset/tennis/data/Clip80/0098.jpg,/tracknetv1/dataset/tennis/data/Clip80/0097.jpg,/tracknetv1/dataset/tennis/data/Clip80/0096.jpg,/tracknetv1/dataset/tennis/groundtruth/Clip80/0098.png
/tracknetv1/dataset/tennis/data/Clip80/0153.jpg,/tracknetv1/dataset/tennis/data/Clip80/0152.jpg,/tracknetv1/dataset/tennis/data/Clip80/0151.jpg,/tracknetv1/dataset/tennis/groundtruth/Clip80/0153.png
/tracknetv1/dataset/tennis/data/Clip80/0097.jpg,/tracknetv1/dataset/tennis/data/Clip80/0096.jpg,/tracknetv1/dataset/tennis/data/Clip80/0095.jpg,/tracknetv1/dataset/tennis/groundtruth/Clip80/0097.png
/tracknetv1/dataset/tennis/data/Clip80/0093.jpg,/tracknetv1/dataset/tennis/data/Clip80/0092.jpg,/tracknetv1/dataset/tennis/data/Clip80/0091.jpg,/tracknetv1/dataset/tennis/groundtruth/Clip80/0093.png
/tracknetv1/dataset/tennis/data/Clip80/0036.jpg,/tracknetv1/dataset/tennis/data/Clip80/0035.jpg,/tracknetv1/dataset/tennis/data/Clip80/0034.jpg,/tracknetv1/dataset/tennis/groundtruth/Clip80/0036.png
/tracknetv1/dataset/tennis/data/Clip80/0110.jpg,/tracknetv1/dataset/tennis/data/Clip80/0109.jpg,/tracknetv1/dataset/tennis/data/Clip80/0108.jpg,/tracknetv1/dataset/tennis/groundtruth/Clip80/0110.png
/tracknetv1/dataset/tennis/data/Clip80/0144.jpg,/tracknetv1/dataset/tennis/data/Clip80/0143.jpg,/tracknetv1/dataset/tennis/data/Clip80/0142.jpg,/tracknetv1/dataset/tennis/groundtruth/Clip80/0144.png
/tracknetv1/dataset/tennis/data/Clip80/0051.jpg,/tracknetv1/dataset/tennis/data/Clip80/0050.jpg,/tracknetv1/dataset/tennis/data/Clip80/0049.jpg,/tracknetv1/dataset/tennis/groundtruth/Clip80/0051.png
/tracknetv1/dataset/tennis/data/Clip80/0017.jpg,/tracknetv1/dataset/tennis/data/Clip80/0016.jpg,/tracknetv1/dataset/tennis/data/Clip80/0015.jpg,/tracknetv1/dataset/tennis/groundtruth/Clip80/0017.png
/tracknetv1/dataset/tennis/data/Clip80/0120.jpg,/tracknetv1/dataset/tennis/data/Clip80/0119.jpg,/tracknetv1/dataset/tennis/data/Clip80/0118.jpg,/tracknetv1/dataset/tennis/groundtruth/Clip80/0120.png
/tracknetv1/dataset/tennis/data/Clip80/0076.jpg,/tracknetv1/dataset/tennis/data/Clip80/0075.jpg,/tracknetv1/dataset/tennis/data/Clip80/0074.jpg,/tracknetv1/dataset/tennis/groundtruth/Clip80/0076.png
/tracknetv1/dataset/tennis/data/Clip80/0063.jpg,/tracknetv1/dataset/tennis/data/Clip80/0062.jpg,/tracknetv1/dataset/tennis/data/Clip80/0061.jpg,/tracknetv1/dataset/tennis/groundtruth/Clip80/0063.png
/tracknetv1/dataset/tennis/data/Clip80/0028.jpg,/tracknetv1/dataset/tennis/data/Clip80/0027.jpg,/tracknetv1/dataset/tennis/data/Clip80/0026.jpg,/tracknetv1/dataset/tennis/groundtruth/Clip80/0028.png
/tracknetv1/dataset/tennis/data/Clip80/0022.jpg,/tracknetv1/dataset/tennis/data/Clip80/0021.jpg,/tracknetv1/dataset/tennis/data/Clip80/0020.jpg,/tracknetv1/dataset/tennis/groundtruth/Clip80/0022.png
/tracknetv1/dataset/tennis/data/Clip80/0104.jpg,/tracknetv1/dataset/tennis/data/Clip80/0103.jpg,/tracknetv1/dataset/tennis/data/Clip80/0102.jpg,/tracknetv1/dataset/tennis/groundtruth/Clip80/0104.png
/tracknetv1/dataset/tennis/data/Clip80/0106.jpg,/tracknetv1/dataset/tennis/data/Clip80/0105.jpg,/tracknetv1/dataset/tennis/data/Clip80/0104.jpg,/tracknetv1/dataset/tennis/groundtruth/Clip80/0106.png
/tracknetv1/dataset/tennis/data/Clip80/0143.jpg,/tracknetv1/dataset/tennis/data/Clip80/0142.jpg,/tracknetv1/dataset/tennis/data/Clip80/0141.jpg,/tracknetv1/dataset/tennis/groundtruth/Clip80/0143.png
/tracknetv1/dataset/tennis/data/Clip80/0128.jpg,/tracknetv1/dataset/tennis/data/Clip80/0127.jpg,/tracknetv1/dataset/tennis/data/Clip80/0126.jpg,/tracknetv1/dataset/tennis/groundtruth/Clip80/0128.png
/tracknetv1/dataset/tennis/data/Clip80/0043.jpg,/tracknetv1/dataset/tennis/data/Clip80/0042.jpg,/tracknetv1/dataset/tennis/data/Clip80/0041.jpg,/tracknetv1/dataset/tennis/groundtruth/Clip80/0043.png
/tracknetv1/dataset/tennis/data/Clip80/0019.jpg,/tracknetv1/dataset/tennis/data/Clip80/0018.jpg,/tracknetv1/dataset/tennis/data/Clip80/0017.jpg,/tracknetv1/dataset/tennis/groundtruth/Clip80/0019.png
/tracknetv1/dataset/tennis/data/Clip80/0108.jpg,/tracknetv1/dataset/tennis/data/Clip80/0107.jpg,/tracknetv1/dataset/tennis/data/Clip80/0106.jpg,/tracknetv1/dataset/tennis/groundtruth/Clip80/0108.png
/tracknetv1/dataset/tennis/data/Clip80/0069.jpg,/tracknetv1/dataset/tennis/data/Clip80/0068.jpg,/tracknetv1/dataset/tennis/data/Clip80/0067.jpg,/tracknetv1/dataset/tennis/groundtruth/Clip80/0069.png
/tracknetv1/dataset/tennis/data/Clip80/0100.jpg,/tracknetv1/dataset/tennis/data/Clip80/0099.jpg,/tracknetv1/dataset/tennis/data/Clip80/0098.jpg,/tracknetv1/dataset/tennis/groundtruth/Clip80/0100.png
/tracknetv1/dataset/tennis/data/Clip80/0059.jpg,/tracknetv1/dataset/tennis/data/Clip80/0058.jpg,/tracknetv1/dataset/tennis/data/Clip80/0057.jpg,/tracknetv1/dataset/tennis/groundtruth/Clip80/0059.png
/tracknetv1/dataset/tennis/data/Clip80/0013.jpg,/tracknetv1/dataset/tennis/data/Clip80/0012.jpg,/tracknetv1/dataset/tennis/data/Clip80/0011.jpg,/tracknetv1/dataset/tennis/groundtruth/Clip80/0013.png
/tracknetv1/dataset/tennis/data/Clip80/0078.jpg,/tracknetv1/dataset/tennis/data/Clip80/0077.jpg,/tracknetv1/dataset/tennis/data/Clip80/0076.jpg,/tracknetv1/dataset/tennis/groundtruth/Clip80/0078.png
/tracknetv1/dataset/tennis/data/Clip80/0032.jpg,/tracknetv1/dataset/tennis/data/Clip80/0031.jpg,/tracknetv1/dataset/tennis/data/Clip80/0030.jpg,/tracknetv1/dataset/tennis/groundtruth/Clip80/0032.png
/tracknetv1/dataset/tennis/data/Clip80/0118.jpg,/tracknetv1/dataset/tennis/data/Clip80/0117.jpg,/tracknetv1/dataset/tennis/data/Clip80/0116.jpg,/tracknetv1/dataset/tennis/groundtruth/Clip80/0118.png
/tracknetv1/dataset/tennis/data/Clip80/0091.jpg,/tracknetv1/dataset/tennis/data/Clip80/0090.jpg,/tracknetv1/dataset/tennis/data/Clip80/0089.jpg,/tracknetv1/dataset/tennis/groundtruth/Clip80/0091.png
/tracknetv1/dataset/tennis/data/Clip80/0061.jpg,/tracknetv1/dataset/tennis/data/Clip80/0060.jpg,/tracknetv1/dataset/tennis/data/Clip80/0059.jpg,/tracknetv1/dataset/tennis/groundtruth/Clip80/0061.png
/tracknetv1/dataset/tennis/data/Clip80/0074.jpg,/tracknetv1/dataset/tennis/data/Clip80/0073.jpg,/tracknetv1/dataset/tennis/data/Clip80/0072.jpg,/tracknetv1/dataset/tennis/groundtruth/Clip80/0074.png
/tracknetv1/dataset/tennis/data/Clip80/0068.jpg,/tracknetv1/dataset/tennis/data/Clip80/0067.jpg,/tracknetv1/dataset/tennis/data/Clip80/0066.jpg,/tracknetv1/dataset/tennis/groundtruth/Clip80/0068.png
/tracknetv1/dataset/tennis/data/Clip80/0140.jpg,/tracknetv1/dataset/tennis/data/Clip80/0139.jpg,/tracknetv1/dataset/tennis/data/Clip80/0138.jpg,/tracknetv1/dataset/tennis/groundtruth/Clip80/0140.png
/tracknetv1/dataset/tennis/data/Clip80/0030.jpg,/tracknetv1/dataset/tennis/data/Clip80/0029.jpg,/tracknetv1/dataset/tennis/data/Clip80/0028.jpg,/tracknetv1/dataset/tennis/groundtruth/Clip80/0030.png
/tracknetv1/dataset/tennis/data/Clip80/0004.jpg,/tracknetv1/dataset/tennis/data/Clip80/0003.jpg,/tracknetv1/dataset/tennis/data/Clip80/0002.jpg,/tracknetv1/dataset/tennis/groundtruth/Clip80/0004.png
/tracknetv1/dataset/tennis/data/Clip80/0065.jpg,/tracknetv1/dataset/tennis/data/Clip80/0064.jpg,/tracknetv1/dataset/tennis/data/Clip80/0063.jpg,/tracknetv1/dataset/tennis/groundtruth/Clip80/0065.png
/tracknetv1/dataset/tennis/data/Clip80/0035.jpg,/tracknetv1/dataset/tennis/data/Clip80/0034.jpg,/tracknetv1/dataset/tennis/data/Clip80/0033.jpg,/tracknetv1/dataset/tennis/groundtruth/Clip80/0035.png
/tracknetv1/dataset/tennis/data/Clip80/0148.jpg,/tracknetv1/dataset/tennis/data/Clip80/0147.jpg,/tracknetv1/dataset/tennis/data/Clip80/0146.jpg,/tracknetv1/dataset/tennis/groundtruth/Clip80/0148.png
/tracknetv1/dataset/tennis/data/Clip80/0101.jpg,/tracknetv1/dataset/tennis/data/Clip80/0100.jpg,/tracknetv1/dataset/tennis/data/Clip80/0099.jpg,/tracknetv1/dataset/tennis/groundtruth/Clip80/0101.png
/tracknetv1/dataset/tennis/data/Clip80/0102.jpg,/tracknetv1/dataset/tennis/data/Clip80/0101.jpg,/tracknetv1/dataset/tennis/data/Clip80/0100.jpg,/tracknetv1/dataset/tennis/groundtruth/Clip80/0102.png
/tracknetv1/dataset/tennis/data/Clip80/0067.jpg,/tracknetv1/dataset/tennis/data/Clip80/0066.jpg,/tracknetv1/dataset/tennis/data/Clip80/0065.jpg,/tracknetv1/dataset/tennis/groundtruth/Clip80/0067.png
/tracknetv1/dataset/tennis/data/Clip80/0025.jpg,/tracknetv1/dataset/tennis/data/Clip80/0024.jpg,/tracknetv1/dataset/tennis/data/Clip80/0023.jpg,/tracknetv1/dataset/tennis/groundtruth/Clip80/0025.png
/tracknetv1/dataset/tennis/data/Clip80/0048.jpg,/tracknetv1/dataset/tennis/data/Clip80/0047.jpg,/tracknetv1/dataset/tennis/data/Clip80/0046.jpg,/tracknetv1/dataset/tennis/groundtruth/Clip80/0048.png
/tracknetv1/dataset/tennis/data/Clip80/0149.jpg,/tracknetv1/dataset/tennis/data/Clip80/0148.jpg,/tracknetv1/dataset/tennis/data/Clip80/0147.jpg,/tracknetv1/dataset/tennis/groundtruth/Clip80/0149.png
/tracknetv1/dataset/tennis/data/Clip80/0082.jpg,/tracknetv1/dataset/tennis/data/Clip80/0081.jpg,/tracknetv1/dataset/tennis/data/Clip80/0080.jpg,/tracknetv1/dataset/tennis/groundtruth/Clip80/0082.png
/tracknetv1/dataset/tennis/data/Clip80/0125.jpg,/tracknetv1/dataset/tennis/data/Clip80/0124.jpg,/tracknetv1/dataset/tennis/data/Clip80/0123.jpg,/tracknetv1/dataset/tennis/groundtruth/Clip80/0125.png
/tracknetv1/dataset/tennis/data/Clip80/0062.jpg,/tracknetv1/dataset/tennis/data/Clip80/0061.jpg,/tracknetv1/dataset/tennis/data/Clip80/0060.jpg,/tracknetv1/dataset/tennis/groundtruth/Clip80/0062.png
/tracknetv1/dataset/tennis/data/Clip80/0114.jpg,/tracknetv1/dataset/tennis/data/Clip80/0113.jpg,/tracknetv1/dataset/tennis/data/Clip80/0112.jpg,/tracknetv1/dataset/tennis/groundtruth/Clip80/0114.png
/tracknetv1/dataset/tennis/data/Clip80/0010.jpg,/tracknetv1/dataset/tennis/data/Clip80/0009.jpg,/tracknetv1/dataset/tennis/data/Clip80/0008.jpg,/tracknetv1/dataset/tennis/groundtruth/Clip80/0010.png
/tracknetv1/dataset/tennis/data/Clip80/0070.jpg,/tracknetv1/dataset/tennis/data/Clip80/0069.jpg,/tracknetv1/dataset/tennis/data/Clip80/0068.jpg,/tracknetv1/dataset/tennis/groundtruth/Clip80/0070.png
/tracknetv1/dataset/tennis/data/Clip80/0081.jpg,/tracknetv1/dataset/tennis/data/Clip80/0080.jpg,/tracknetv1/dataset/tennis/data/Clip80/0079.jpg,/tracknetv1/dataset/tennis/groundtruth/Clip80/0081.png
/tracknetv1/dataset/tennis/data/Clip80/0112.jpg,/tracknetv1/dataset/tennis/data/Clip80/0111.jpg,/tracknetv1/dataset/tennis/data/Clip80/0110.jpg,/tracknetv1/dataset/tennis/groundtruth/Clip80/0112.png
/tracknetv1/dataset/tennis/data/Clip80/0145.jpg,/tracknetv1/dataset/tennis/data/Clip80/0144.jpg,/tracknetv1/dataset/tennis/data/Clip80/0143.jpg,/tracknetv1/dataset/tennis/groundtruth/Clip80/0145.png
/tracknetv1/dataset/tennis/data/Clip80/0079.jpg,/tracknetv1/dataset/tennis/data/Clip80/0078.jpg,/tracknetv1/dataset/tennis/data/Clip80/0077.jpg,/tracknetv1/dataset/tennis/groundtruth/Clip80/0079.png
/tracknetv1/dataset/tennis/data/Clip80/0003.jpg,/tracknetv1/dataset/tennis/data/Clip80/0002.jpg,/tracknetv1/dataset/tennis/data/Clip80/0001.jpg,/tracknetv1/dataset/tennis/groundtruth/Clip80/0003.png
/tracknetv1/dataset/tennis/data/Clip80/0126.jpg,/tracknetv1/dataset/tennis/data/Clip80/0125.jpg,/tracknetv1/dataset/tennis/data/Clip80/0124.jpg,/tracknetv1/dataset/tennis/groundtruth/Clip80/0126.png
/tracknetv1/dataset/tennis/data/Clip80/0020.jpg,/tracknetv1/dataset/tennis/data/Clip80/0019.jpg,/tracknetv1/dataset/tennis/data/Clip80/0018.jpg,/tracknetv1/dataset/tennis/groundtruth/Clip80/0020.png
/tracknetv1/dataset/tennis/data/Clip80/0031.jpg,/tracknetv1/dataset/tennis/data/Clip80/0030.jpg,/tracknetv1/dataset/tennis/data/Clip80/0029.jpg,/tracknetv1/dataset/tennis/groundtruth/Clip80/0031.png
/tracknetv1/dataset/tennis/data/Clip80/0111.jpg,/tracknetv1/dataset/tennis/data/Clip80/0110.jpg,/tracknetv1/dataset/tennis/data/Clip80/0109.jpg,/tracknetv1/dataset/tennis/groundtruth/Clip80/0111.png
/tracknetv1/dataset/tennis/data/Clip80/0121.jpg,/tracknetv1/dataset/tennis/data/Clip80/0120.jpg,/tracknetv1/dataset/tennis/data/Clip80/0119.jpg,/tracknetv1/dataset/tennis/groundtruth/Clip80/0121.png
/tracknetv1/dataset/tennis/data/Clip80/0136.jpg,/tracknetv1/dataset/tennis/data/Clip80/0135.jpg,/tracknetv1/dataset/tennis/data/Clip80/0134.jpg,/tracknetv1/dataset/tennis/groundtruth/Clip80/0136.png
/tracknetv1/dataset/tennis/data/Clip80/0016.jpg,/tracknetv1/dataset/tennis/data/Clip80/0015.jpg,/tracknetv1/dataset/tennis/data/Clip80/0014.jpg,/tracknetv1/dataset/tennis/groundtruth/Clip80/0016.png
/tracknetv1/dataset/tennis/data/Clip80/0129.jpg,/tracknetv1/dataset/tennis/data/Clip80/0128.jpg,/tracknetv1/dataset/tennis/data/Clip80/0127.jpg,/tracknetv1/dataset/tennis/groundtruth/Clip80/0129.png
/tracknetv1/dataset/tennis/data/Clip80/0012.jpg,/tracknetv1/dataset/tennis/data/Clip80/0011.jpg,/tracknetv1/dataset/tennis/data/Clip80/0010.jpg,/tracknetv1/dataset/tennis/groundtruth/Clip80/0012.png
/tracknetv1/dataset/tennis/data/Clip80/0117.jpg,/tracknetv1/dataset/tennis/data/Clip80/0116.jpg,/tracknetv1/dataset/tennis/data/Clip80/0115.jpg,/tracknetv1/dataset/tennis/groundtruth/Clip80/0117.png
/tracknetv1/dataset/tennis/data/Clip80/0083.jpg,/tracknetv1/dataset/tennis/data/Clip80/0082.jpg,/tracknetv1/dataset/tennis/data/Clip80/0081.jpg,/tracknetv1/dataset/tennis/groundtruth/Clip80/0083.png
/tracknetv1/dataset/tennis/data/Clip80/0024.jpg,/tracknetv1/dataset/tennis/data/Clip80/0023.jpg,/tracknetv1/dataset/tennis/data/Clip80/0022.jpg,/tracknetv1/dataset/tennis/groundtruth/Clip80/0024.png
/tracknetv1/dataset/tennis/data/Clip80/0092.jpg,/tracknetv1/dataset/tennis/data/Clip80/0091.jpg,/tracknetv1/dataset/tennis/data/Clip80/0090.jpg,/tracknetv1/dataset/tennis/groundtruth/Clip80/0092.png
/tracknetv1/dataset/tennis/data/Clip80/0006.jpg,/tracknetv1/dataset/tennis/data/Clip80/0005.jpg,/tracknetv1/dataset/tennis/data/Clip80/0004.jpg,/tracknetv1/dataset/tennis/groundtruth/Clip80/0006.png
/tracknetv1/dataset/tennis/data/Clip80/0064.jpg,/tracknetv1/dataset/tennis/data/Clip80/0063.jpg,/tracknetv1/dataset/tennis/data/Clip80/0062.jpg,/tracknetv1/dataset/tennis/groundtruth/Clip80/0064.png
/tracknetv1/dataset/tennis/data/Clip80/0077.jpg,/tracknetv1/dataset/tennis/data/Clip80/0076.jpg,/tracknetv1/dataset/tennis/data/Clip80/0075.jpg,/tracknetv1/dataset/tennis/groundtruth/Clip80/0077.png
/tracknetv1/dataset/tennis/data/Clip80/0039.jpg,/tracknetv1/dataset/tennis/data/Clip80/0038.jpg,/tracknetv1/dataset/tennis/data/Clip80/0037.jpg,/tracknetv1/dataset/tennis/groundtruth/Clip80/0039.png
/tracknetv1/dataset/tennis/data/Clip80/0131.jpg,/tracknetv1/dataset/tennis/data/Clip80/0130.jpg,/tracknetv1/dataset/tennis/data/Clip80/0129.jpg,/tracknetv1/dataset/tennis/groundtruth/Clip80/0131.png
